date,site,ndvi_mean,ndvi_stdDev,ndvi_count,evi_mean,evi_stdDev,evi_count,ndwi_mean,ndwi_stdDev,ndwi_count,fapar_mean,fapar_stdDev,fapar_count
2019-01-22,project,0.10782947245783132,0.010673456313091944,910,0.079740466260047,0.007433595994284647,910,-0.2775710237494508,0.015291326452552795,910,0.13603766245280022,0.013465632484595471,910
2019-01-29,project,0.10909977906277644,0.008670083586321172,910,0.08557147745207676,0.007365659586395245,910,-0.27549398092389965,0.011199547661000415,910,0.13764028126559855,0.01093817745250386,910
2019-02-28,project,0.09926748064614047,0.017408338119051944,89,0.08242495428479127,0.01065962346221458,89,-0.2350510063375323,0.032100390287719736,89,0.1252358535831708,0.021962359370996012,89
2019-03-05,project,0.10329174029816564,0.008207095116682873,910,0.07752879236378167,0.006150752289387676,910,-0.261379949211673,0.010793087339256099,910,0.13031285956016575,0.01035407119921056,910
2019-03-25,project,0.10105903457305883,0.007833505367096625,910,0.0765614874918374,0.005436335677876938,910,-0.26894501123207026,0.010414237870069891,910,0.12749607801737087,0.009882750371131543,910
2019-04-02,project,0.10594219561988658,0.007660903012565982,910,0.07699080127811667,0.005558263118755789,910,-0.2798411664433441,0.009801375708013595,910,0.1336566739940489,0.009664995240651137,910
2019-04-07,project,0.09609382842319912,0.007909110469108254,910,0.07141283937036826,0.005421001644759211,910,-0.2675509915542806,0.00990011280674117,910,0.12123197393870774,0.00997813376783073,910
2019-04-12,project,0.09915346059448447,0.007141945614533109,910,0.07489467644131029,0.005045362883651354,910,-0.26944378826503956,0.009759648375847333,910,0.12509200588600147,0.009010278587293759,910
2019-04-17,project,0.08733454401202725,0.006637753399623006,910,0.06655182555612804,0.004944443026141178,910,-0.25055448279357584,0.008991210130455733,910,0.11018126072557352,0.008374189688966905,910
2019-05-04,project,0.11081263891323374,0.007380870146277722,910,0.08061638194047932,0.004802698084771779,910,-0.2886745210349483,0.011759529584387864,910,0.13980122525293567,0.009311705776547372,910
2019-05-09,project,0.09484008052359565,0.006827123117913616,910,0.07599360626330924,0.0054437307653583756,910,-0.24637974166542942,0.008494439063085262,910,0.11965024558856821,0.008613098525559788,910
2019-05-17,project,0.07417456605268517,0.008063058120388248,910,0.055486224299571514,0.006295329666212485,910,-0.23706959933475932,0.01194166252340745,910,0.09357863253206768,0.010172354124681626,910
2019-05-27,project,0.09621440347191662,0.00818241838814717,910,0.07582234030495176,0.007076830610111956,910,-0.2546003689549412,0.012720426188968176,910,0.12138409142016995,0.010322939038484635,910
2019-05-29,project,0.09554917075004228,0.008488178527602806,910,0.07819026285285834,0.00750341984832425,910,-0.24100078177803194,0.012142573882915971,910,0.12054483381825318,0.010708686030427137,910
2019-06-01,project,0.09328588625214262,0.009227200127508602,910,0.07287678423088641,0.007774239164217264,910,-0.2503606839331347,0.012551479606043423,910,0.11768947409570321,0.011641035680863908,910
2019-06-03,project,0.09389469429952663,0.012144631031928815,910,0.07006701476663979,0.009478351975350295,910,-0.2527033685319596,0.01581876849200719,910,0.1184575463282827,0.015321666509884053,910
2019-06-08,project,0.07049679468893952,0.056798702851984316,594,0.05304393853617252,0.045546445352348704,594,-0.19347780826485106,0.049567607661843795,594,0.08893875617956591,0.07165724351806342,594
2019-06-13,project,0.10001530809857737,0.012823750952047096,910,0.07975498557706456,0.010857877980447309,910,-0.2528249243425315,0.01531219180402318,910,0.1261793126971651,0.016178444201104678,910
2019-06-18,project,0.10646631828286587,0.017105650467427524,910,0.08303145305092025,0.01397640223739771,910,-0.2518528271295906,0.017905694653748336,910,0.1343179071456635,0.021580488629706383,910
2019-06-21,project,0.11653963960325847,0.019218668308157265,910,0.08855468462137522,0.015156250652281189,910,-0.27068109379966027,0.02125997393655051,910,0.14702640932347114,0.02424627193757101,910
2019-06-26,project,0.11287034823252608,0.020461475216418744,910,0.07703693134740978,0.01381879507442312,910,-0.28632191401832885,0.024274388463744755,910,0.1423972313301548,0.02581419713303394,910
2019-06-28,project,0.11613346758939293,0.018379937297933014,910,0.09004099380340275,0.014682375487651306,910,-0.262346248676992,0.019983783098027202,910,0.14651398271077815,0.023188128895071353,910
2019-07-06,project,0.11157494202528452,0.01870991737273087,910,0.08215758686816056,0.01388868929150708,910,-0.2640170679999871,0.02087619949489899,910,0.14076294685909907,0.023604431757436414,910
2019-07-11,project,0.1074986563846626,0.017562047337131213,910,0.08498144503719192,0.014230246092988025,910,-0.25983381871471406,0.019398698374993643,910,0.13562030489489033,0.022156278920524894,910
2019-07-13,project,0.09288312514070973,0.01734968180775609,910,0.07118986800149418,0.013817590997127259,910,-0.24335644875305218,0.01905281563287052,910,0.11718135067751952,0.02188835856866363,910
2019-07-23,project,0.0959216157724119,0.016467500390842806,910,0.0714270357726473,0.012633358009823667,910,-0.24505999319008542,0.01908406094003887,910,0.12101471045847488,0.02077539849308688,910
2019-07-28,project,0.11843208315932613,0.021141114969692787,910,0.08570970220829544,0.015194704711455797,910,-0.29193401324385326,0.02702019017114925,910,0.14941391611380575,0.026671630645764253,910
2019-07-31,project,0.09427243880466098,0.015321514770511434,910,0.07106484810694336,0.012179033531727976,910,-0.2394208146691842,0.018401971353850827,910,0.11893410879596027,0.019329623034477,910
2019-08-02,project,0.10018319414104172,0.015611350513479215,910,0.07669577268941492,0.012548306526794537,910,-0.2508254871998646,0.018729696863815818,910,0.12639111772833836,0.019695279807805208,910
2019-08-17,project,0.2032048941394956,0.046481485605403834,910,0.15762301475352938,0.03860081284768801,910,-0.3040857109518709,0.03547736929887337,910,0.2563632944463875,0.058641042239776134,910
2019-08-20,project,0.21800575159670316,0.09513840140047322,400,0.19603517293967157,0.09221583227418112,400,-0.28238303738740944,0.07194612491505724,400,0.2750360562144005,0.12002660720683672,400
2019-08-22,project,0.21533433303249336,0.058407364525000775,910,0.16511533511537477,0.046896122421946206,910,-0.31414184437578524,0.04494096295288004,910,0.2716657945537936,0.07368673108474162,910
2019-08-25,project,0.21099036063934828,0.05534514382705937,910,0.1545547018342239,0.04266041980329344,910,-0.3129370558478687,0.042901893106049124,910,0.2661854389826018,0.06982343345221872,910
2019-08-27,project,0.21963282748658897,0.05006011742351004,910,0.17277724048010795,0.04187109855407866,910,-0.3181693025988135,0.040518383561793964,910,0.2770887751570805,0.06315584414150213,910
2019-08-30,project,0.20570028951150585,0.046656751081492476,910,0.1562178416846952,0.03717423400017975,910,-0.3165312616111622,0.03778947043359833,910,0.25951148524771656,0.05886215716440982,910
2019-09-01,project,0.18907395620529885,0.044274982687947335,910,0.1427140651827164,0.034829046839730704,910,-0.3032120738432529,0.03674156656538916,910,0.23853570314860512,0.05585731815911325,910
2019-09-04,project,0.18403229054438036,0.037450334846700406,910,0.13633129277025885,0.02895723269478851,910,-0.3054866019329589,0.032365321719861166,910,0.23217513775079013,0.04724734244259684,910
2019-09-06,project,0.1740954968012627,0.03347653208346856,910,0.13530568036636934,0.0272177891354848,910,-0.28653711574442764,0.029683521104576036,910,0.2196388787644727,0.04223399287650374,910
2019-09-14,project,0.16933209412402753,0.028886244899969604,910,0.11816769864754231,0.020176219583790296,910,-0.3224246708454988,0.03217703602349641,910,0.21362936994687332,0.03644288656580245,910
2019-09-16,project,0.15118907049685304,0.022352760823794393,910,0.1155127382605477,0.01750310724456577,910,-0.2826743596607041,0.024510950555082112,910,0.19074013133882967,0.028200243055298693,910
2019-09-21,project,0.1318496825078121,0.02120114295751256,910,0.09629069469990824,0.015840543791321878,910,-0.2786486891257705,0.024925576036687297,910,0.16634155945185575,0.026747361955197824,910
2019-09-26,project,0.1310419924634691,0.01865291383562082,910,0.09875462182256983,0.014375958245651637,910,-0.2815984634393188,0.023289324521947565,910,0.16532257769191291,0.02353251609501851,910
2019-09-29,project,0.10839391347241933,0.015303798912798169,910,0.0801340760814677,0.011535069559832722,910,-0.2548174649912088,0.01930090424444137,910,0.13674976123680432,0.01930727270838516,910
2019-10-01,project,0.11334365117780915,0.017251967313718124,910,0.0810481411102369,0.012641428746254992,910,-0.2773605263101114,0.022411536981022225,910,0.14299435032592403,0.021765081962986415,910
2019-10-04,project,0.126933793458084,0.01492523005106445,910,0.0882490804229929,0.010696372622258662,910,-0.2882185216488925,0.020293263129884158,910,0.1601396738267184,0.018829670232424132,910
2019-10-06,project,0.1264482771078152,0.014353002234725314,910,0.09503753772435611,0.01154240102627272,910,-0.27696130764837956,0.018221003342568244,910,0.15952714639921922,0.018107747619334993,910
2019-10-09,project,0.12021029864326893,0.013698212858735093,910,0.08777768913597093,0.010293700581805879,910,-0.281603686764874,0.018181261285283405,910,0.15165731276834807,0.01728166534258032,910
2019-10-11,project,0.10720897502673545,0.013357929378056146,910,0.0800528708177296,0.010246201492776405,910,-0.2566282855888453,0.017093241239189757,910,0.13525484289372933,0.016852363703357975,910
2019-10-19,project,0.11652763409609293,0.015043236573887937,910,0.07768746998174464,0.009998050426619338,910,-0.3159350664367305,0.023053269548189394,910,0.1470112631756309,0.01897854726161476,910
2019-10-21,project,0.10993191876871967,0.011975110083422278,910,0.08037904061994147,0.008727362664280947,910,-0.2798733309802674,0.01744470819394981,910,0.13869010871861695,0.015107798881245025,910
2019-10-29,project,0.04396620158332885,0.029323396644505867,910,0.0461286112972811,0.021048412188511317,910,-0.12860102255126143,0.06633355892273149,910,0.0554677599175277,0.03699439720670857,910
2019-10-31,project,0.09991705711299595,0.010884705246046815,910,0.0702769725524304,0.007671185402834418,910,-0.26356800902727756,0.015355127057539735,910,0.1260553592537556,0.013732144138413161,910
2019-11-03,project,0.0974797340597689,0.010312348477587326,910,0.069109790568774,0.007575589917797261,910,-0.2600838763140738,0.014544255708222905,910,0.1229804324898043,0.01301005883932561,910
2019-11-08,project,0.10781901014078198,0.010443204272321472,910,0.07794081610225581,0.007926388403224459,910,-0.2769892058520986,0.014845476078710992,910,0.13602446319361036,0.013175146509961865,910
2019-11-10,project,0.10234704762144389,0.009869568566527862,910,0.0726865427478262,0.007484359939525965,910,-0.2742318639837858,0.014838949566389238,910,0.1291210352792132,0.012451447703534572,910
2019-11-23,project,0.11314776203025041,0.011423523825765648,448,0.08219305195291933,0.00816907720351245,448,-0.2925336494931194,0.018010268759416408,448,0.1427472165773639,0.01441191765858636,448
2019-11-28,project,0.09897129933353609,0.008649130206657838,910,0.07648317870437021,0.00704496229430918,910,-0.25584652120685303,0.013421945583511077,910,0.12486219123918926,0.01091174266871856,910
2019-12-03,project,0.08984623423854433,0.009046085775045388,910,0.06821519049568793,0.0071870248422014225,910,-0.2423917156040689,0.01336475790066526,910,0.11335000911534764,0.011412541813797578,910
2019-12-08,project,0.09434687406278502,0.009898403953474019,910,0.07114656529279456,0.007669980069982881,910,-0.25540989789830015,0.01507885210523394,910,0.1190280163176097,0.012487826427703533,910
2019-12-13,project,0.048653750118085884,0.017016013306710154,554,0.06338036094213577,0.015576708621987437,554,-0.1259609597912046,0.04022711826271522,554,0.06138157114897722,0.021467402387745502,554
2019-12-20,project,0.06149749242701543,0.01765975954938964,910,0.06811394148167017,0.014821606063909308,910,-0.15720722082484176,0.039381369710711045,910,0.07758523644592272,0.02227955264750951,910
2020-01-22,project,0.04865948145477405,0.008085125780760784,8,0.05454071730212407,0.009461919523809469,8,-0.13778284569715507,0.02221284252246456,8,0.06138880180334294,0.010200194685007805,8
2020-03-14,project,0.09367120886708642,0.006978674600404438,910,0.07340110278721723,0.005517404245917223,910,-0.24435755377313112,0.010814925858692176,910,0.11817559710671635,0.008804295875871134,910
2020-03-17,project,0.09588249679343513,0.0075566092462086565,910,0.07276100215244347,0.005426068548596057,910,-0.2635610581981198,0.012331237124896434,910,0.1209653579545978,0.009533418225015973,910
2020-03-22,project,0.09626707257732871,0.007343224107253293,910,0.07016792225661683,0.0053880554597324735,910,-0.26056194856910697,0.011700394115855214,910,0.12145053876355799,0.009264211533708561,910
2020-04-08,project,0.09371561748901269,0.005917368111483506,910,0.07340826735322623,0.004853169174694218,910,-0.25355539058220156,0.009513756405452715,910,0.11823162302413849,0.007465351609444365,910
2020-04-16,project,0.09800680183916044,0.006703494855922921,910,0.07368450031789166,0.005017121622441381,910,-0.26304142429015387,0.00963562062455701,910,0.12364538120028497,0.008457129110232383,910
2020-04-28,project,0.09034017857728494,0.005199288263510116,910,0.07173698203395157,0.004371699976151272,910,-0.24505241723284937,0.0073118024734088755,910,0.11397316929310272,0.006559422073238873,910
2020-05-01,project,0.08593009777315291,0.006330639082567378,910,0.06542866345097713,0.004863269117387364,910,-0.24081954719773424,0.008385419829669869,910,0.10840941135060984,0.007986734266563964,910
2020-05-03,project,0.09701952160405777,0.007159994150392296,910,0.07709091909843685,0.005648375372088221,910,-0.24813014509027334,0.00916771245676075,910,0.12239982845567911,0.00903304862013848,910
2020-05-28,project,0.08958279271239815,0.009785286098819958,910,0.06904951894213583,0.007189900621339018,910,-0.24218117409805942,0.012855868580620653,910,0.11301765128596156,0.01234511694227075,910
2020-05-31,project,0.10605526715071173,0.011631658157734339,910,0.07927036226663013,0.008376551360542703,910,-0.274159874774796,0.01643013304337062,910,0.13379932503733777,0.014674499931797166,910
2020-06-05,project,0.09362122350518104,0.011503777669965222,910,0.07007033148913433,0.007950860710983757,910,-0.25732181228869055,0.016134097881678678,910,0.11811253557413634,0.014513165908428395,910
2020-06-10,project,0.09432371759496405,0.012003644470331146,910,0.07128956551038448,0.008257598265566235,910,-0.2528783990590778,0.0160782683230344,910,0.11899880211780639,0.015143797863769366,910
2020-06-20,project,0.08403633448084351,0.012456170732097639,910,0.06374784427830477,0.00896248661323177,910,-0.23887618580821868,0.015497155050093397,910,0.10602023958103213,0.015714704995613723,910
2020-06-27,project,0.08329523034251636,0.014368261341916867,910,0.06316953690613061,0.01062469084984,910,-0.23612509163418322,0.016869686798762266,910,0.10508526260011876,0.018126998508962676,910
2020-06-30,project,0.07627375253537619,0.014545400011784088,910,0.05493645191925245,0.010464908498009047,910,-0.23262483838849646,0.017181177917150223,910,0.09622696619863043,0.01835047665486677,910
2020-07-02,project,0.08730444769441086,0.01512783264379836,910,0.07268221087500748,0.012568723207299336,910,-0.23100384716027988,0.016724149697822252,910,0.11014329121126902,0.019085273663414715,910
2020-07-07,project,0.08870944511881515,0.01609560397640277,910,0.06642748403435843,0.01199002134228651,910,-0.23565296527490276,0.016942189828487084,910,0.11191583596189739,0.020306213976628962,910
2020-07-15,project,0.08217117051941214,0.01699473423371185,910,0.06366555031676663,0.012952684121044113,910,-0.22722751116733866,0.016407622201122678,910,0.10366714872729023,0.02144055670925048,910
2020-07-22,project,0.10320064126428813,0.019589462941980947,910,0.08022864083019597,0.014796779173848303,910,-0.2415890948480858,0.019026627191092473,910,0.13019792901902574,0.02471406644760556,910
2020-08-01,project,0.16929987441990824,0.035599322260987,910,0.12816327708801506,0.027455426888199293,910,-0.297166656077574,0.03018815196690193,910,0.21358872156815628,0.0449121049644614,910
2020-08-04,project,0.15768106555358566,0.041348880531053636,910,0.10263981292432363,0.027993251709988332,910,-0.28896945972530186,0.03360186298557502,910,0.1989304323024034,0.05216574767797843,910
2020-08-06,project,0.1454297255588233,0.03551331619704311,910,0.10995749184546157,0.026712896385715768,910,-0.27387733752589666,0.03220451593322396,910,0.18347414176501153,0.044803599714190505,910
2020-08-09,project,0.18781901613556845,0.050815772374722734,910,0.12818581180903882,0.03524391486478808,910,-0.3131666921283496,0.04065050628261333,910,0.23695247075663287,0.06410917842795104,910
2020-08-14,project,0.2101412573212781,0.05816079674585661,910,0.1533056633105238,0.044618915599034976,910,-0.3179452595621618,0.04424883336791166,910,0.26511421023652426,0.0733756611745744,910
2020-08-19,project,0.2545039904792272,0.06649805512460884,910,0.1815544940905337,0.04758948649408427,910,-0.35509254744925073,0.050694546764458566,910,0.32108223438859335,0.08389394634520507,910
2020-08-21,project,0.2587184062797591,0.06221708785763724,910,0.19592729150383426,0.047470276892568594,910,-0.3518506858189128,0.04780705858173457,910,0.3263991413625437,0.07849307804119501,910
2020-08-24,project,0.2731221145378583,0.07568789925819515,910,0.19726895337063818,0.053512206019842315,910,-0.37587379853603736,0.05754980648459785,910,0.34457085970096213,0.09548785370413818,910
2020-08-26,project,0.25706432678481855,0.06828758188680346,910,0.1836178069934576,0.04813075158631173,910,-0.35322939604335474,0.05141690351745446,910,0.32431235467172725,0.08615161330839047,910
2020-09-03,project,0.26507279704272324,0.06001682422059857,910,0.1869087980130099,0.04019920160103917,910,-0.35829064171621877,0.04323039876748053,910,0.3344158407490994,0.07571722543670552,910
2020-09-05,project,0.25458047582040433,0.06253987070104883,910,0.18012429457614784,0.04079549496244635,910,-0.34728774260662365,0.047138572942406705,910,0.3211787282950223,0.07890030087644219,910
2020-09-08,project,0.26230542518230565,0.06188539822007072,910,0.1767620223256424,0.037399730157566806,910,-0.3612029232072682,0.04827206368860753,910,0.33092452440999703,0.07807461839444366,910
2020-09-13,project,0.26419962841474715,0.055274983397837145,910,0.17941166964247557,0.03357327130529946,910,-0.3873947847711431,0.04701965172989384,910,0.33331425120804425,0.06973491905471631,910
2020-09-15,project,0.24481124875910948,0.024959212749179005,139,0.17508584881643183,0.015293553153268318,139,-0.3536486168256795,0.020423572430231646,139,0.30885387143449244,0.03148854280436436,139
2020-09-18,project,0.22977285519627605,0.04531099565566689,910,0.155049081237475,0.028245372896521403,910,-0.35606716815340034,0.03936368535132369,910,0.28988143411562173,0.057164352119188126,910
2020-09-23,project,0.21039345920142138,0.03749779343809342,910,0.1458299687582282,0.024841781665369187,910,-0.34426696804925244,0.033809357364223115,910,0.26543238812851344,0.0473072162014968,910
2020-09-25,project,0.18197835470534962,0.034124608027259716,910,0.1300625241861223,0.023195583801813364,910,-0.3135520809280025,0.031046029330691487,910,0.22958389229626927,0.043051605487190545,910
2020-10-05,project,0.1704645091376038,0.028093323755284,910,0.12359049022212483,0.019276782677166388,910,-0.30979933169443663,0.02730815038592867,910,0.2150580247280009,0.03544253724966689,910
2020-10-18,project,0.1279967512610508,0.01990060299313028,910,0.0923156250493255,0.01379742954470216,910,-0.2784237840046852,0.02263070062511536,910,0.16148070139094164,0.025106600736132592,910
2020-10-20,project,0.11341827381656372,0.010803092413181547,910,0.08992349293298671,0.008336492811183201,910,-0.2462890266422668,0.012352548586060559,910,0.143088494246977,0.013629181388469329,910
2020-10-23,project,0.12529559567222137,0.017531545484954388,910,0.09256019371389466,0.012021306395879632,910,-0.2829700691027246,0.022026054792649772,910,0.1580729235000748,0.022117797783815826,910
2020-10-25,project,0.12511060534780424,0.019165556963549518,910,0.08993602007736012,0.012711162507047503,910,-0.2893963776988886,0.02434038183778984,910,0.15783953970678974,0.024179266665215197,910
2020-10-28,project,0.1200881895819832,0.01602734441607107,910,0.08875563291054087,0.011109571667643418,910,-0.2750234396720337,0.02010607736693257,910,0.15150325997662992,0.020220097715315893,910
2020-11-04,project,0.1216588750833044,0.016967370499240225,910,0.08708713975143864,0.011351437033510412,910,-0.2891692645382987,0.02316674512841655,910,0.15348483680509675,0.021406034621841513,910
2020-11-07,project,0.12349979784173203,0.017398594774069423,910,0.08594121577218639,0.011103396091418184,910,-0.2938910134233599,0.023851963949853908,910,0.1558073449571293,0.021950067166963336,910
2020-11-09,project,0.1149368212299959,0.01477338611612826,910,0.08664770664899901,0.010625260974653775,910,-0.26965599663462964,0.019440402533837657,910,0.145004293663763,0.018638103924105677,910
2020-11-14,project,0.12002156276233032,0.020065163258461145,910,0.08122400630171812,0.012841204676050568,910,-0.31993240511194426,0.02864248763705712,910,0.1514192035809562,0.025314209966873218,910
2020-12-12,project,0.007190603275124434,0.005833685391131556,340,0.04188243711702866,0.030117390275611295,340,-0.027518850336180418,0.008807405762909481,340,0.009071665091896986,0.007359777489451564,340
2021-01-16,project,0.02010832601883829,0.0039353587674922875,11,0.09309200574101546,0.015557397388809785,11,-0.05233230891388296,0.005733871068602703,11,0.025368664105366385,0.00496484862106829,11
2021-02-17,project,0.04587421918161498,0.027989890557100227,439,0.05857917616720183,0.019463357867482742,439,-0.1225892263188759,0.06036508024344897,439,0.05787491491952547,0.035312045926837704,439
2021-02-22,project,0.10301180808774761,0.014008531851465647,355,0.07995271579037315,0.009518578982777895,355,-0.25361325373979077,0.02540225471290187,355,0.12995969708350233,0.017673163783808513,355
2021-03-12,project,0.11240283942068928,0.011835950927741876,910,0.08159884749246388,0.0075145960841192004,910,-0.2761083490544458,0.017048318572642385,910,0.1418074222131418,0.014932235690440287,910
2021-03-24,project,0.10852200282591579,0.01040854307001081,910,0.08127094564016626,0.0069232499494730655,910,-0.26878820309600754,0.014378954715453229,910,0.13691135876517554,0.013131417937124452,910
2021-03-27,project,0.08943544948588585,0.011592946375016941,910,0.06660423476543958,0.007405385945680012,910,-0.25890818800305276,0.023096571133101824,910,0.11283176307139368,0.01462566114672266,910
2021-04-06,project,0.10311760898785277,0.010260960707468977,910,0.07568086770043507,0.006952881250344618,910,-0.26478825307648546,0.01435362018200928,910,0.13009317549907495,0.012945228028543785,910
2021-04-08,project,0.10741654587878416,0.009977663656720207,910,0.08334879341897254,0.007179748413838411,910,-0.2594571672301168,0.013321062333173308,910,0.13551671428067372,0.012587820469320844,910
2021-04-11,project,0.11357564767592054,0.018407747348266203,910,0.07622515192142977,0.010609481304154712,910,-0.31653939803762904,0.031105827962274082,910,0.14328703710794163,0.02322321405457109,910
2021-04-23,project,0.09258506082702994,0.011611003458962675,910,0.06975547606547093,0.00863734862460903,910,-0.24504513057138813,0.013408928565187526,910,0.1168053127393812,0.0146484419638275,910
2021-05-01,project,0.10319264010007005,0.013440103442853124,910,0.07524749394736079,0.009318541801150129,910,-0.2587885673176607,0.014588241198026403,910,0.13018783475024848,0.016956034503504244,910
2021-05-08,project,0.1067952203468769,0.015075373108695628,910,0.08407071717553415,0.011055864704577924,910,-0.25870846945257703,0.016699185838730143,910,0.1347328499896197,0.019019090713934213,910
2021-05-11,project,0.10427639712545918,0.017533258563745595,910,0.08021571216576105,0.012738783890742261,910,-0.26502954898931214,0.01868381019713865,910,0.13155510261347933,0.02211995900402095,910
2021-05-16,project,0.10865250658552432,0.01823077216973482,910,0.0806687810563858,0.01333556013579409,910,-0.2661892975515749,0.017284732229160958,910,0.13707600230829792,0.022999942169335447,910
2021-05-21,project,0.10964376166063754,0.01781247581410577,910,0.08482532732562607,0.013443794044907259,910,-0.26503965569150073,0.01753314077287853,910,0.1383265697110605,0.02247221948707706,910
2021-05-23,project,0.11219385760308088,0.05731744925139154,910,0.07417605219493735,0.04930597023805274,910,-0.24579223276517348,0.035338001786223275,910,0.14154377075204672,0.07231169397555556,910
2021-06-05,project,0.11002484489400685,0.02324052077693809,910,0.08083627211500762,0.016833250849160222,910,-0.27569103497227077,0.024859473759515336,910,0.13880734431827896,0.029320241012184715,910
2021-06-10,project,0.10841646264930556,0.023719639141805405,910,0.08622478482697588,0.019584919233409902,910,-0.27053350547521077,0.023436900923102934,910,0.13677820927836404,0.029924696741300716,910
2021-06-12,project,0.10979018485377011,0.02802880903374497,910,0.08317760858551652,0.020730426189908394,910,-0.27772751643565147,0.03040995577208873,910,0.1385112972115166,0.0353611454769726,910
2021-06-15,project,0.0973782601729862,0.027993828675343276,910,0.06957707858248448,0.02012508527011334,910,-0.2582295207236422,0.026742223753373557,910,0.1228524130342395,0.03531701425681279,910
2021-06-27,project,0.10629311086149346,0.026714684910645308,910,0.08251808227373054,0.02008972070874523,910,-0.25216082077576735,0.025170397892666875,910,0.13409938866286036,0.03370324648326873,910
2021-07-10,project,0.14381912176020636,0.041333935438608076,910,0.10609913393460095,0.03054944446175901,910,-0.28262178800782917,0.031697898346274074,910,0.18144220401267658,0.05214689294934792,910
2021-07-15,project,0.15953021015602525,0.05736855112370842,910,0.11073474573054903,0.03774841720750394,910,-0.31345526596699885,0.04843861373757587,910,0.2012633131328414,0.07237616409766971,910
2021-07-20,project,0.15190664523032205,0.05047794407623753,910,0.11258165494946673,0.03695987202204487,910,-0.2876645308738216,0.03943044191626734,910,0.1916454236225743,0.06368297424658119,910
2021-07-25,project,0.012185934194756833,0.011907437103632089,910,0.10461947091775096,0.13713223844269865,910,-0.014793020612244943,0.006344974257972243,910,0.015373774580105205,0.015022422649942241,910
2021-07-27,project,0.19702189275926155,0.06276400707062992,910,0.14329572776567837,0.051741006974997644,910,-0.29138180844286404,0.05337245455071006,910,0.24856281990508416,0.0791830713203071,910
2021-07-30,project,0.2278719330234041,0.06525709248931343,910,0.17001619348573954,0.04832572023634026,910,-0.32555955501216377,0.04735952106705652,910,0.28748323070232645,0.08232834788451951,910
2021-08-01,project,0.24883618786809186,0.06883455564593158,910,0.19285428739034305,0.05333747376869575,910,-0.33879935964660834,0.05005229928647932,910,0.3139317346143848,0.08684167540290627,910
2021-08-04,project,0.2554889458845857,0.08655010373848064,910,0.19424700511594306,0.07786349796145164,910,-0.34514474435827647,0.06352279180551033,910,0.3223248541279931,0.10919161087646694,910
2021-08-06,project,0.2960053755529925,0.09934660878460218,910,0.21881811089915368,0.07074190243204592,910,-0.39165531569918294,0.07732210566606044,910,0.3734403817976554,0.12533568164265257,910
2021-08-09,project,0.2783873729349538,0.07362155686818922,910,0.21078800855111918,0.05760669198618971,910,-0.3583605892583198,0.05176648512820606,910,0.3512135096947377,0.09288095614490949,910
2021-08-11,project,0.2879099809516521,0.060580043642083005,910,0.23584668810145099,0.0525830465727883,910,-0.35534098875335624,0.043714783708317634,910,0.3632272319686032,0.07642778305885564,910
2021-08-16,project,0.2612530527187668,0.07039858638006195,910,0.20053116139849472,0.056043317516696674,910,-0.3461958724347539,0.05051300219010958,910,0.3295968513099959,0.08881485657708912,910
2021-08-29,project,0.272682700323094,0.07103710436813519,910,0.19361763589528302,0.050505570035849746,910,-0.3698214662130387,0.05086222468050068,910,0.3440164947276151,0.08962041087084183,910
2021-08-31,project,0.25082309115544327,0.06070730466525611,910,0.1830092652810809,0.0430581129304113,910,-0.3425822963711958,0.04331349865517633,910,0.3164384118017068,0.07658833556568782,910
2021-09-03,project,0.26748121808415853,0.0673800667609038,910,0.17949002446071785,0.041895957205270756,910,-0.36576572404289037,0.04970098111923545,910,0.3374543047349748,0.08500669222555701,910
2021-09-10,project,0.2516166996950015,0.05262558067808308,910,0.1777527034178345,0.03400343367821921,910,-0.34839087256079154,0.04002392023370022,910,0.3174396283352139,0.06639243258347031,910
2021-09-13,project,0.24730671057638653,0.05040050271963488,910,0.17143647371890752,0.03174559086750394,910,-0.34917164450835203,0.03891160554256482,910,0.3120021460631696,0.06358527423108902,910
2021-09-18,project,0.2388524235589106,0.04600257437637078,910,0.1647983000637393,0.028438383342197882,910,-0.34565806570557844,0.035114561455846835,910,0.3013362175619211,0.05803684783323227,910
2021-09-25,project,0.2123225087684378,0.041850276781195225,910,0.14978490513194612,0.027018029999646545,910,-0.3243382862034543,0.03337124113556174,910,0.2678660770622616,0.052798309187154814,910
2021-09-28,project,0.2642409709140939,0.06947003097231927,910,0.15809893817722287,0.03267857352228027,910,-0.4327185388962544,0.06593145906900655,910,0.3333664089052206,0.08764339107467838,910
2021-09-30,project,0.21170810968741588,0.04763013728468696,910,0.14465395337910006,0.027511672813560772,910,-0.3400126833769702,0.039118214422603846,910,0.26709095118164383,0.060090181198361355,910
2021-10-10,project,0.18423971210756887,0.03489315474956478,910,0.12886796300652262,0.021744425794702277,910,-0.32043992005963706,0.0297460310458657,910,0.2324368207949086,0.044021204032053264,910
2021-10-13,project,0.17596596503290993,0.03363604865698277,910,0.11409109002683894,0.018882887784928692,910,-0.32415438178882583,0.0321973855416442,910,0.22199866148551906,0.04243523898565263,910
2021-10-15,project,0.16742844031216472,0.02707864771555035,910,0.12196494082896195,0.017660812669919795,910,-0.30410683984682035,0.025805386402451905,910,0.2112277202978275,0.034162421957938775,910
2021-10-18,project,0.1591113549067025,0.024425489057082257,910,0.1110977408105828,0.015050849451742841,910,-0.31241674948578546,0.024715735762764326,910,0.20073488535029518,0.030815196994418644,910
2021-10-20,project,0.15298299731979595,0.02576488037942437,910,0.1033260652822802,0.01482876183531313,910,-0.3137200633953235,0.02918799969899979,910,0.19300334941865452,0.032504973086680496,910
2021-10-23,project,0.14178540286705563,0.020240183808269512,910,0.09970121239697859,0.012826992176212249,910,-0.29160411481494736,0.021893356215134142,910,0.17887646425707693,0.025535015892515413,910
2021-10-28,project,0.13615619651968633,0.02002933048539715,910,0.09511306819892248,0.0123637737289001,910,-0.29672050527151594,0.023884379605531775,910,0.17177465752923582,0.0252690033403798,910
2021-11-02,project,0.19837450508239246,0.04657443739280944,910,0.10244203029151763,0.02001868881164749,910,-0.5150610116634384,0.09397182412576786,910,0.2502692756119465,0.0587583102147692,910
2021-11-04,project,0.1424107908961118,0.023253266394288152,910,0.09667119601808945,0.013232072840535103,910,-0.3229255324923694,0.03241311521461713,910,0.17966545379453444,0.02933632088303396,910
2021-11-12,project,0.13051716693667323,0.01855437843874802,910,0.09006976946815456,0.011335446751121681,910,-0.2990610210308432,0.025679751326952802,910,0.1646604578073069,0.023408203838325828,910
2021-11-14,project,0.1273218530874853,0.01620136743883,910,0.09414082448907322,0.010669566630140518,910,-0.278809664010075,0.02144311319061711,910,0.16062924985517127,0.02043964516083158,910
2021-11-17,project,0.12915489928935228,0.01815045040881468,910,0.09147313059783982,0.011450367593434116,910,-0.3015532742335017,0.024819052903290558,910,0.16294182094344667,0.02289860823575961,910
2021-11-24,project,0.07628936066751518,0.017343075098048846,910,0.09231727946408436,0.01789297935548804,910,-0.16615091285629385,0.03342948756265509,910,0.09624665741813704,0.021880023543698925,910
2021-11-27,project,0.11772829694154385,0.01611197219399629,910,0.0909047103633633,0.011300480658539436,910,-0.26962125614560273,0.026992698530051373,910,0.14852601942145155,0.020326864119947247,910
2021-12-04,project,0.12140875905474538,0.015187363911124472,910,0.08903695095792233,0.010358904896579086,910,-0.2781088691971254,0.021471425426651602,910,0.15316929042346664,0.019160378310275707,910
2021-12-12,project,0.13779986317138393,0.018975346763873968,887,0.09215467596200959,0.011434146670756762,887,-0.3261915717110554,0.028773263507572505,887,0.17384830737701815,0.02393929747730332,887
2021-12-19,project,0.10465049444820677,0.013362683998883584,910,0.08299620352226346,0.01070928995506935,910,-0.2473903916514841,0.021688160862515786,910,0.13202706379585774,0.01685836213298999,910
2021-12-22,project,0.1286613523881605,0.018388046211013302,910,0.08773209679078463,0.011500123004944867,910,-0.31400048094476657,0.02738626858893829,910,0.16231916217290346,0.02319835909981334,910
2022-01-06,project,0.12368027410196172,0.015294090291909788,910,0.09086282183734139,0.010380976881962104,910,-0.28737434117226857,0.022965540678638204,910,0.1560350338070349,0.0192950243122731,910
2022-01-13,project,0.1302134194340574,0.016873170226624074,910,0.0930541534785417,0.010923686217887515,910,-0.30808579535861075,0.02683011592591158,910,0.16427724995800694,0.02128719155790637,910
2022-01-18,project,0.12226143027109833,0.017880293314239175,910,0.08514017095889254,0.011101379316490955,910,-0.30482238462159106,0.027152195151949336,910,0.15424502043001756,0.022557778045242668,910
2022-01-28,project,0.09336419130712348,0.012869792283654383,32,0.09023229448847918,0.0075941165414545875,32,-0.21084792361956795,0.025736167339160232,32,0.11778826375306696,0.016236529945058528,32
2022-02-10,project,0.07187126856021386,0.030972865350593952,524,0.07667599170715979,0.019507343068333672,524,-0.1746540597535436,0.06895970052634302,524,0.09067279241556572,0.03907536692630938,524
2022-03-09,project,0.1072659396738456,0.01248195309062562,910,0.08088193575555183,0.008724788361736903,910,-0.2666353735992282,0.018797449873780365,910,0.1353267094925234,0.015747232019135735,910
2022-03-29,project,0.10549303674923123,0.011658118368627743,910,0.08019531896431192,0.00802211238624718,910,-0.26739382293675235,0.01924222666047205,910,0.1330900151628299,0.014707882133861315,910
2022-04-06,project,0.09936664539879858,0.010277350694938119,910,0.07463452367736967,0.007454294603130331,910,-0.2569589491146053,0.015710484930836023,910,0.12536095983512427,0.012965905636731546,910
2022-04-08,project,0.10446876887492319,0.011048483350370696,910,0.07840795289554144,0.007633985590094163,910,-0.2702590070310613,0.018198683272665314,910,0.13179779881260323,0.01393876659482976,910
2022-04-16,project,0.10883450462880474,0.0115733085808384,910,0.08063729953506829,0.007893935928424226,910,-0.2751951907408566,0.01871452511861505,910,0.1373056110397002,0.014600886105585738,910
2022-04-18,project,0.09836972712167771,0.009712945271611872,910,0.07519026585087743,0.007031053104053569,910,-0.2520130776375957,0.015182649257522792,910,0.12410324773670861,0.012253851754665153,910
2022-04-23,project,0.09983371317167875,0.010184597480475142,910,0.07795045699730521,0.007153750580149623,910,-0.2526472239895553,0.01605243174983924,910,0.12595021253738975,0.012848888181370246,910
2022-04-28,project,0.09559262164258374,0.027819979113001346,910,0.06710912383663738,0.023478468307332887,910,-0.25928741283073864,0.02469100676033113,910,0.12059965146428385,0.03509768564896223,910
2022-05-01,project,0.09033211957044074,0.009331348392177832,910,0.07088490729345424,0.0068525933064092085,910,-0.23431185369178878,0.013525130593564626,910,0.11396300205006794,0.011772429131572549,910
2022-05-06,project,0.1096879474379228,0.012775335335361317,910,0.08478557493442727,0.009255632360587155,910,-0.2665470182414676,0.018144872391699644,910,0.13838231448768357,0.016117363059091654,910
2022-05-08,project,0.10797008917174819,0.013246738209574076,910,0.08436040080464051,0.00959688402791808,910,-0.26081660547964375,0.019557045178237337,910,0.13621506449907722,0.01671208492520217,910
2022-05-18,project,0.10423976388658636,0.029208221394469804,910,0.0804042662645439,0.025346617131328606,910,-0.2489014820468717,0.03486413328688235,910,0.13150888611931716,0.0368490921112639,910
2022-05-21,project,0.10341391368914853,0.008654066531291723,610,0.08618258053276881,0.007423130318533444,610,-0.2555167705929772,0.019897279930682424,610,0.13046699351022967,0.010917970335877897,610
2022-05-23,project,0.11894990998863934,0.0199727228864807,910,0.09230431282170753,0.015863100369244914,910,-0.2770865376989794,0.02307968830818317,910,0.15006720644166738,0.02519758719358474,910
2022-05-26,project,0.12359999914637525,0.02098972099600912,910,0.09389252278451006,0.01645565251469753,910,-0.28699179563737004,0.02124983101805359,910,0.1559337589230668,0.0264806320085645,910
2022-05-31,project,0.12482717920886328,0.026063614746833448,910,0.09077188635340029,0.0200311545882466,910,-0.2854220035122947,0.023865405756496857,910,0.157481969289902,0.03288185636460742,910
2022-06-17,project,0.11353538494421593,0.03462935775761298,910,0.08409157321630581,0.026492521646169404,910,-0.2763618075263446,0.031167893784631178,910,0.14323624164562312,0.04368839774700313,910
2022-06-20,project,0.12114128041828714,0.03118442866669571,910,0.088948894349979,0.023657541091946954,910,-0.28320876516342286,0.02658590805034163,910,0.1528318393757111,0.03934227520590258,910
2022-06-30,project,0.1018374545983579,0.03489853512083558,910,0.07615522616512217,0.02452248650902538,910,-0.2470951058713609,0.02762731944957193,910,0.1284781327212884,0.04402799190844626,910
2022-07-10,project,0.14342596145571063,0.03797177700582037,910,0.10799871200396426,0.027466081296378723,910,-0.28985931826563127,0.028586913388148873,910,0.18094619297252437,0.04790519387054364,910
2022-07-17,project,0.1386708624507579,0.03809195441361786,910,0.10594054457604134,0.028240808372851367,910,-0.2811924304964063,0.029428506001338547,910,0.1749471600678764,0.048056809688220195,910
2022-07-20,project,0.11742683586861624,0.028690737436073428,876,0.09515637789264757,0.025750724677833747,876,-0.25214827288582564,0.02128048668352869,876,0.14814569613184625,0.036196234349351715,876
2022-07-27,project,0.13553336523533022,0.0430677805760675,910,0.0998751851010885,0.030872883473981344,910,-0.28666908236809535,0.03352506860053142,910,0.17098889358089256,0.05433431197476626,910
2022-08-04,project,0.14893458057533535,0.05342105518287515,910,0.10517824933441021,0.0345537654798155,910,-0.29715773119787336,0.0431143612880301,910,0.18789586685384274,0.06739600321871614,910
2022-08-09,project,0.15680361321410105,0.043710995880676375,910,0.11221233231386721,0.030523560367085034,910,-0.29272415600008844,0.03152187288219877,910,0.19782343843090996,0.055145792403060626,910
2022-08-14,project,0.21172890345916207,0.06811329677902145,234,0.16281082232782104,0.04530040493638238,234,-0.3275644434746083,0.06427233602118522,234,0.26711718460407885,0.08593173521641326,234
2022-08-19,project,0.16654290717799505,0.046031042730793746,910,0.11824658783436447,0.032038702495813635,910,-0.31131407308075787,0.03259691597854091,910,0.21011053169575877,0.05807276350916748,910
2022-08-24,project,0.1672786070193453,0.048036994633495964,910,0.11997993737523077,0.034105737429376934,910,-0.3199940870432036,0.03366268789358603,910,0.2110386906156064,0.06060347242961733,910
2022-08-26,project,0.16321256902167927,0.04236365811525285,910,0.12183342691236544,0.03112589017285042,910,-0.3081087772713501,0.02888764469254571,910,0.2059089770777504,0.05344599107820431,910
2022-08-31,project,0.156486060450885,0.04418296644712986,910,0.11554956139759617,0.03202210480492565,910,-0.29628601045931513,0.02972306657111289,910,0.19742281386483634,0.055741230469699164,910
2022-09-03,project,0.08494644596669076,0.03787684189556448,476,0.13652694225272125,0.18491675173700245,476,-0.16713548022163685,0.08376921584212334,476,0.10716843623157715,0.047785423735444435,476
2022-09-05,project,0.1798779502585134,0.044564167639918724,371,0.11711727368145321,0.027825868149887207,371,-0.29039806025227305,0.03518257962494484,371,0.22693402204614052,0.0562221538945211,371
2022-09-08,project,0.15137659248240237,0.04415990005933935,910,0.10796621734243028,0.029713738761233406,910,-0.30829025555709494,0.03094495273310898,910,0.19097670907579894,0.05571212991486201,910
2022-09-10,project,0.14867948102650014,0.04515491279918481,910,0.11054921322012559,0.03159058277231906,910,-0.3004944104020017,0.031936436929744044,910,0.1875740332630325,0.05696743798745099,910
2022-09-13,project,0.15265411075248211,0.04515020889312055,910,0.10960265451672595,0.030477770559079315,910,-0.31451641324859964,0.03217615285794943,910,0.19258842612533142,0.056961503539561,910
2022-09-13,project,0.15264046487629424,0.04581029362868881,910,0.10930597010493208,0.030822514767036107,910,-0.315043794021508,0.032862574276371875,910,0.19257121048793305,0.05779426644195474,910
2022-09-18,project,0.1385743012885119,0.04045654958791975,910,0.09902014675233468,0.027320810893266493,910,-0.29456820807938366,0.02948962777914238,910,0.17482533850558657,0.051039982960119155,910
2022-09-20,project,0.1404842046008143,0.03806321554162415,910,0.10553117100877615,0.027323121611282496,910,-0.2865378217026393,0.027352117026507666,910,0.1772348725243871,0.04802055272731407,910
2022-09-23,project,0.1415577268593943,0.038580418877198666,910,0.10364613637039628,0.02657210699118676,910,-0.29658882288087446,0.027880698925774213,910,0.17858922820581152,0.048673056455476774,910
2022-09-25,project,0.12795742098396665,0.03690537689095345,910,0.09349820337688976,0.025427767388282545,910,-0.2814748923400607,0.026972197522393583,910,0.16143108231337233,0.04655982348562747,910
2022-09-30,project,0.1312603723953203,0.032611490679542714,910,0.09708170104916995,0.02242435470007897,910,-0.2893139293291152,0.02611817011815857,910,0.165598085813936,0.04114265664131205,910
2022-10-03,project,0.14060980066162998,0.03092765225397897,910,0.09821874846629235,0.02156303798171977,910,-0.3057789758206409,0.02536852234070035,910,0.1773933245147126,0.039018326083619714,910
2022-10-05,project,0.1336444973965539,0.026013100644692696,910,0.0952897725175309,0.01793614570676354,910,-0.29480657059693677,0.02275086112122319,910,0.16860589791549244,0.03281812777334513,910
2022-10-10,project,0.12137466549757703,0.029469439199864517,801,0.09092583066907907,0.01571831677752437,801,-0.27670636537745974,0.05616824157156772,801,0.1531262779917431,0.03717864449454969,801
2022-10-13,project,0.12230535661520552,0.020029341089872116,910,0.08590874185373751,0.013890688641866503,910,-0.2866841629706382,0.01964269047068248,910,0.1543004379057433,0.02526901671898093,910
2022-10-15,project,0.12504320753375192,0.02196139931577264,910,0.08638869545744862,0.014179001785245922,910,-0.29531259821860995,0.02176937375756526,910,0.15775451062458154,0.02770650137678022,910
2022-10-23,project,0.11419203303075703,0.018203456180782215,910,0.08037627657409277,0.01233549887165398,910,-0.28298190900515646,0.01936595500260364,910,0.1440646688716031,0.022965480317675004,910
2022-10-30,project,0.12927792073651487,0.02017180899386492,910,0.08872185651001407,0.013154360348845835,910,-0.3094255474287609,0.024370280244451408,910,0.16309702480118743,0.025448754226659293,910
2022-11-04,project,0.12056921676480546,0.015627264747648428,910,0.0843988856351907,0.010279061031944882,910,-0.2921286280763596,0.019069370312911553,910,0.15211012387047865,0.019715357205631976,910
2022-11-07,project,0.11779996430254401,0.015107259372622759,910,0.08111107576752304,0.010028735667336613,910,-0.29070595127617915,0.01859884399212931,910,0.1486164349640897,0.019059318424500343,910
2022-11-17,project,0.1141717314510604,0.014784695781697735,910,0.07702633101247927,0.010175381140099141,910,-0.28619695632472464,0.018783735605968577,910,0.14403905639865772,0.018652372198190957,910
2022-11-19,project,0.12484170711498961,0.014429457449352598,910,0.08820028195190754,0.010272258278722123,910,-0.2926413794836744,0.019148908274642006,910,0.15750029769627114,0.01820420351810251,910
2022-11-24,project,0.11388000497181562,0.015099503998277518,910,0.07791035883899802,0.009924760442668632,910,-0.29100937194419574,0.02044908039099097,910,0.1436710142724426,0.019049534244226875,910
2022-11-27,project,0.11063069451973022,0.012988773564155575,910,0.08309770912322607,0.009552867456575798,910,-0.273105837951705,0.017018608523063368,910,0.1395716842060917,0.016386636728539496,910
2022-12-17,project,0.06249216161268883,0.01588205154507703,910,0.08263519591874575,0.015973059595169172,910,-0.14551837187894043,0.03280452706038669,910,0.0788401110905682,0.02003679622926958,910
2022-12-22,project,0.05667310022890774,0.012891356560536646,910,0.08464900147349845,0.019159218442643157,910,-0.12786366732730356,0.020578339213050714,910,0.07149878324879008,0.01626373543677308,910
2022-12-24,project,0.0736485455722426,0.01488752581929891,910,0.07965456687255734,0.014962630828194738,910,-0.18015009206958282,0.03430189058118767,910,0.09291500509394134,0.018782102573627148,910
2022-12-27,project,0.09688560298734082,0.012863056164450938,910,0.08352900926356052,0.010694915572771278,910,-0.2388744807532355,0.031535838888730454,910,0.1222308767288291,0.016228031657071876,910
2023-01-06,project,0.10816458850258523,0.011218052861751366,910,0.08080944326643862,0.010053718933393567,910,-0.2671251132196646,0.014003197583863173,910,0.13646044485486153,0.014152695490387454,910
2023-01-11,project,0.11349625314109807,0.016109679819542796,910,0.07810081116132703,0.009590992136413325,910,-0.29633173770859506,0.022648910447026327,910,0.14318687296280935,0.020323972060334428,910
2023-01-16,project,0.06736915889649912,0.014342794387149372,910,0.07982534649647713,0.012982066444343266,910,-0.16630053076226564,0.035018654421699096,910,0.08499293086382316,0.018094869398828786,910
2023-01-28,project,0.101332281284515,0.01596124019605657,910,0.08617940629128312,0.010163543307437076,910,-0.24916622156150145,0.03670139126536689,910,0.12784080606854434,0.020136700631344446,910
2023-02-15,project,0.11488668992216391,0.014835993341667448,910,0.07822329627302646,0.008464458087564086,910,-0.3008780482512685,0.02147834159165184,910,0.14494104800580218,0.018717089199847825,910
2023-02-22,project,0.11413043020277616,0.014735041355616879,910,0.08022362125860366,0.007984700863695769,910,-0.29646642610206697,0.023290337578747777,910,0.14398695074382245,0.018589728174245645,910
2023-02-27,project,0.11259396777643979,0.011928878475916204,910,0.08376781431603446,0.0074603260955530895,910,-0.2807513315378914,0.018615769884785128,910,0.14204854974675668,0.015049473085215698,910
2023-03-04,project,0.11292981695279672,0.011853337402833376,910,0.08243724180565011,0.006973150094120686,910,-0.2852060865101659,0.017840373385628747,910,0.14247225706764827,0.014954170467415212,910
2023-03-07,project,0.10813483030956375,0.01366394908537323,910,0.07363478014106663,0.00749865755308409,910,-0.2986532510583209,0.021651745756815156,910,0.13642290191854547,0.017238438166108053,910
2023-03-27,project,0.09890043022644877,0.012809080589762604,910,0.07326141788371669,0.008458256253037803,910,-0.2725403973342241,0.020142190358896552,910,0.12477278277368768,0.016159936072046417,910
2023-05-13,project,0.10489725940346319,0.024147632891804983,910,0.0789219973229095,0.01587356734231412,910,-0.27161885596341057,0.030102530006012755,910,0.13233838246340904,0.030464653656301213,910
2023-05-16,project,0.10293810262736756,0.018929105018307527,910,0.07875851171991069,0.013207356273676123,910,-0.2581895717276121,0.019657991591258882,910,0.12986671027468694,0.023880958891096097,910
2023-05-26,project,0.11312346907413467,0.035494601038796744,910,0.08192633145949493,0.024199348316155844,910,-0.2846321269835666,0.03641204703147406,910,0.1427165685839287,0.044779988670544835,910
2023-05-28,project,0.11083026979686086,0.030977068562617532,910,0.0878216562346394,0.023818731399658052,910,-0.26002731434755433,0.030534692853724166,910,0.1398234683757197,0.03908066969859848,910
2023-06-07,project,0.12180693863585218,0.03505191909239276,910,0.09790159976664345,0.026987136320714686,910,-0.27139020166020955,0.03210188012530723,910,0.15367163378299076,0.04422150112696338,910
2023-06-10,project,0.11159413885115708,0.03430082121134177,907,0.08897498415211626,0.025920015849212382,907,-0.2705041061957591,0.030905884074737627,907,0.1407871655746198,0.04327391604022958,907
2023-06-12,project,0.11592685184738798,0.03675685561644074,910,0.09028574576446206,0.02713199787109365,910,-0.27226048006890696,0.03505114291184797,910,0.14625331629066451,0.04637244904570178,910
2023-06-15,project,0.11333963651021196,0.038751693156182335,910,0.08316507091787308,0.0263187430853615,910,-0.2805659273389814,0.03807575326042163,910,0.1429892854212833,0.0488891360858405,910
2023-06-17,project,0.11341067842357369,0.03561254249568818,910,0.08972295914948203,0.026973309005275267,910,-0.26528162015141044,0.0335198907450431,910,0.14307891189918087,0.04492878361255931,910
2023-06-20,project,0.1145531123184107,0.0366890751034378,910,0.0869971448142837,0.026280761019911926,910,-0.2700746736706178,0.03563401050825959,910,0.144520206500907,0.04628693715049766,910
2023-06-22,project,0.1150024178158799,0.03814677517930648,910,0.08923984794158751,0.028193223001098906,910,-0.26710717606921347,0.03651442640682377,910,0.1450870503165141,0.04812597156621258,910
2023-06-30,project,0.12312965451264125,0.03485127874065274,910,0.0949413600025034,0.025691585135491257,910,-0.2758435629222513,0.0322545692761823,910,0.15534037213314789,0.043968373259208035,910
2023-07-05,project,0.11945447192213733,0.04114292799021091,910,0.09170409646076029,0.030069513606392272,910,-0.2727596421832022,0.04009784553837615,910,0.1507037617769682,0.05190591795245057,910
2023-07-15,project,0.14072525025469626,0.036371052769108805,910,0.10762486184819726,0.025942910380173507,910,-0.28017956745183875,0.0322364178865214,910,0.17753897572132477,0.04588572017350813,910
2023-07-20,project,0.17317677444434962,0.04104538132301479,910,0.13760630883129357,0.03212051575993539,910,-0.29660921225724535,0.03388190710054628,910,0.21847981863899169,0.05178285307711544,910
2023-07-25,project,0.19586918360633476,0.04166112704312843,910,0.15106246950934296,0.03248614816109214,910,-0.3158627547238077,0.03301437691262031,910,0.24710856203775217,0.052559677877609186,910
2023-07-27,project,0.1970120770454813,0.03752201790406487,910,0.15491564529206425,0.030070829589801763,910,-0.31129091792752384,0.029311931367912606,910,0.24855043640057986,0.04733777778776266,910
2023-07-30,project,0.1937621594371789,0.04101790223761612,910,0.14514949706360916,0.031052467267602184,910,-0.32663985811306856,0.03211825541196996,910,0.24445034034594498,0.05174818546297792,910
2023-08-04,project,0.18123147618668567,0.043786470784715606,910,0.13584382917850052,0.032801389042223184,910,-0.3106727600471593,0.03453343550520539,910,0.2286416303571229,0.055241011541995774,910
2023-08-09,project,0.19930820307329697,0.04281806529453914,910,0.15127002103543358,0.03233974109773049,910,-0.3270280615180295,0.03358949356790948,910,0.25144722899727173,0.054019271175589564,910
2023-08-11,project,0.19045979388507908,0.04630983782679221,910,0.15052037281672473,0.03643902115022777,910,-0.3123908976480838,0.0373053448076523,910,0.24028407596541493,0.058424491402282695,910
2023-08-14,project,0.18098860759812677,0.04126241126045625,910,0.13640038081890157,0.03055728240534724,910,-0.3097437297367717,0.03221083682333582,910,0.22833522734579703,0.052056658046192375,910
2023-08-16,project,0.18548437108025279,0.040966019908696846,910,0.1442993855713602,0.0316558511134139,910,-0.3103621404738523,0.03205011159211539,910,0.23400708255484728,0.05168273071681045,910
2023-08-19,project,0.19706967373470127,0.04238061285545204,910,0.14828873898886258,0.030874492037433282,910,-0.33553513526973605,0.0343837251453581,910,0.2486231003836996,0.053467381178436184,910
2023-08-29,project,0.17871495947106583,0.04141021131810409,910,0.13450903986485813,0.030544650745180844,910,-0.314695185283617,0.03289678548361223,910,0.22546679286869653,0.05224312259891954,910
2023-08-31,project,0.17750722864093343,0.043306104972130596,910,0.13376341562978922,0.03185031182441705,910,-0.3157686079078386,0.03487555742867669,910,0.2239431196534016,0.05463498203284128,910
2023-09-05,project,0.16289573276094707,0.03710379423457362,910,0.12695735694407126,0.028386685346221255,910,-0.29476220160631705,0.030351251570290064,910,0.20550925645121118,0.04681014680633702,910
2023-09-08,project,0.17685435205482308,0.03978094097662034,910,0.12979568018153753,0.02817324253349711,910,-0.32348459274167485,0.03377257620161165,910,0.2231194505523644,0.05018763513610409,910
2023-09-15,project,0.16320866450541616,0.04072634214057992,910,0.11659201021071035,0.027380071436952372,910,-0.31860675068810534,0.03712764012251272,910,0.2059040511400333,0.05138035324455444,910
2023-09-20,project,0.16861759397716553,0.03466649810867685,910,0.11727508956227352,0.023299876778565112,910,-0.3099004672407114,0.030483290837042185,910,0.21272795656159274,0.04373525401390483,910
2023-09-30,project,0.1678008881146278,0.031037829113400705,910,0.12753053909566978,0.022414848797238502,910,-0.30707860103448426,0.02744282261556539,910,0.2116976004454147,0.039157325209466035,910
2023-10-03,project,0.15759042819093597,0.028626726938540733,910,0.11528416820517247,0.019825115332921216,910,-0.30649128973164225,0.026074903881760442,910,0.19881608420568458,0.03611547870566394,910
2023-10-05,project,0.16043112228538614,0.024471276662233248,910,0.12479756167267787,0.01802870633418431,910,-0.29805881809373247,0.022471926526495035,910,0.2023999038752437,0.03087296263707199,910
2023-10-08,project,0.15676596975223708,0.028413117348196487,910,0.11397681323992997,0.019295092897248133,910,-0.3151418662710224,0.027247990702389625,910,0.19777594743942217,0.03584598884648598,910
2023-10-10,project,0.1479713172003504,0.024584212304289536,910,0.10903385557206927,0.016917416229079694,910,-0.3009655173824153,0.02318222251089948,910,0.18668061377996215,0.031015442243089133,910
2023-10-13,project,0.14504965705692754,0.022019857122166402,910,0.10562091300774001,0.014973218285277614,910,-0.30521238034682774,0.021997054682744162,910,0.18299464734301943,0.027780251745327302,910
2023-10-15,project,0.14227620086011358,0.01977868880011648,910,0.10755153476783748,0.013952116717998415,910,-0.296690981486329,0.020456395765472275,910,0.17949565500511952,0.024952793790225896,910
2023-10-18,project,0.1335863003057991,0.019320802570143618,910,0.09738982132070896,0.01320664298356193,910,-0.3023331802354684,0.021900213756458564,910,0.16853247646579606,0.024375124522494827,910
2023-10-20,project,0.13555570257835958,0.017670089145632225,910,0.10037083714348888,0.012217466750574193,910,-0.2977594065364018,0.02075232746630923,910,0.1710170743728587,0.022292584466127818,910
2023-10-23,project,0.12595188090816822,0.017575301296110648,910,0.09040353136413787,0.011676635488877856,910,-0.2968085065658378,0.020936496145072078,910,0.1589008929537451,0.022173000115172512,910
2023-10-25,project,0.12977702635797708,0.01548576862111973,910,0.09825560685926985,0.010884316213371182,910,-0.291477303206975,0.019100466986067318,910,0.16372669645322382,0.019536845692404027,910
2023-10-28,project,0.12460719183440928,0.01440143029754579,910,0.09313844762459181,0.010151301206887755,910,-0.290070527734173,0.01840138722266142,910,0.15720443321829092,0.018168844463384393,910
2023-11-07,project,0.12773594246932513,0.016636522303625285,910,0.09557319416932208,0.011296011298311232,910,-0.2984531138261108,0.03222639069416262,910,0.16115166501930056,0.020988636538253624,910
2023-11-12,project,0.12679582941377485,0.01418760971140153,910,0.09265667691598321,0.010198071547050665,910,-0.29144195956190716,0.019598004075664963,910,0.15996561838841838,0.017899088411902516,910
2023-11-14,project,0.12469373795656849,0.013317188748896081,910,0.09547974132355902,0.009892106516469762,910,-0.2821610668797706,0.0179319892879627,910,0.1573136198060071,0.016800965325605464,910
2023-11-17,project,0.11853921086827043,0.013923980610315806,910,0.08787138317698988,0.009898194740836608,910,-0.28713238309432443,0.019708231613017463,910,0.14954906843141025,0.017566493937974114,910
2023-11-19,project,0.11506944709278516,0.014428765250024244,910,0.08457466416205814,0.010331886182063904,910,-0.2833811270355614,0.02032561966260653,910,0.14517161445225754,0.018203330239429195,910
2023-12-04,project,0.03992573946653021,0.020167035057204567,126,0.07324491708829341,0.02639752787870845,126,-0.1007945403472853,0.03442470757255677,126,0.05037031291097454,0.02544273142816929,126
2023-12-07,project,0.06702720305621147,0.018097982115068686,910,0.073585110238251,0.013415808115661194,910,-0.1729688967607225,0.03920722004398273,910,0.08456151937571654,0.02283241423637066,910
2023-12-09,project,0.11156781432913583,0.021835427043841785,910,0.09174942565258168,0.01597638971825173,910,-0.2607281794427103,0.03873498088840223,910,0.14075395455763803,0.027547574758509292,910
2023-12-12,project,0.10722986433510467,0.018554791869533856,910,0.08455670813341502,0.01226786287049652,910,-0.26640921186611194,0.03644021773116332,910,0.1352811968451682,0.023408725422601345,910
2024-03-06,project,0.06745467921228504,0.02964924400242805,910,0.06619793679914611,0.021203263008545453,910,-0.18272861533448942,0.0632718018639929,910,0.0851008232942188,0.03740548623346286,910
2024-03-08,project,0.07533399808521822,0.02988609848367846,910,0.06846401118279849,0.02162622457756376,910,-0.19802665817274792,0.06042943582729625,910,0.09504137198431137,0.03770430184700884,910
2024-03-11,project,0.10887385256274391,0.020113747616087307,910,0.07703865374765155,0.011202875596202963,910,-0.27794639995638326,0.04012431036408144,910,0.13735525239315785,0.025375503992455407,910
2024-03-13,project,0.1196256348386802,0.015129311409066828,910,0.08823439960934941,0.009672439499859155,910,-0.28327434050884165,0.023493877341751988,910,0.15091970091247914,0.0190871392736759,910
2024-03-16,project,0.12626507113796662,0.01549466807373269,439,0.09056059488116382,0.009055694027418439,439,-0.3011830401469791,0.024111536253521696,439,0.15929601374765867,0.019548073241821094,439
2024-03-18,project,0.11853585649300888,0.013618062823741929,910,0.08702508159008983,0.008323101186876979,910,-0.29252466931978793,0.020470042866410514,910,0.1495448365515799,0.01718054805843433,910
2024-03-26,project,0.11103876542349465,0.012270882408096971,910,0.08075168748374464,0.00733144821579774,910,-0.29051977026744846,0.01947787450351707,910,0.14008650645828077,0.015480945246055648,910
2024-03-31,project,0.0973090488722457,0.010857106947513332,910,0.07429857933801003,0.00787016782826122,910,-0.2658130990381472,0.016079314287727787,910,0.12276509605722515,0.013697326124983658,910
2024-04-05,project,0.10735512566859433,0.01061292218937219,910,0.0827404295582398,0.008013367130968948,910,-0.27859491492841965,0.015844969552037097,910,0.1354392265434985,0.01338926263411285,910
2024-04-07,project,0.09525852836710515,0.010043293886987215,910,0.07432392922781864,0.007749585112226856,910,-0.2559982660849208,0.01499681965217658,910,0.12017815938793958,0.012670619567822772,910
2024-04-20,project,0.10597847610265446,0.014154252936051782,910,0.07901907926158432,0.009667958094528781,910,-0.282447262643004,0.018812411316915197,910,0.1337024454511088,0.01785700550412357,910
2024-04-22,project,0.10924807449577875,0.009947091786328206,703,0.09541846684986233,0.008784306536501767,703,-0.2706013433088585,0.014916756730477019,703,0.13782737078387455,0.012549250997631125,703
2024-04-25,project,0.10164879946932837,0.011897479830923138,910,0.07968053847911713,0.008982689600897409,910,-0.26242621181208964,0.01447232092813532,910,0.12824012541050486,0.015009860554690684,910
2024-04-30,project,0.11641704748588513,0.01604022373789901,910,0.08896289368301838,0.011678310305592349,910,-0.28429895193647176,0.01771712376023688,910,0.1468717471081925,0.02023634626773391,910
2024-05-05,project,0.12288738744689263,0.02050275673394727,910,0.09459970116062272,0.015114723973289447,910,-0.28543557942177167,0.02020537013672635,910,0.15503472800299953,0.025866277895550866,910
2024-05-07,project,0.11398692400368789,0.022493009647926998,910,0.0896519751383535,0.017236740021933247,910,-0.26993298036846763,0.021254279516969756,910,0.1438059033230526,0.028377180971825046,910
2024-05-12,project,0.12498240725250707,0.02556499415163507,910,0.10091615905601485,0.02005237952855235,910,-0.27680138755656847,0.02340509718699266,910,0.15767780498976297,0.032252796621702565,910
2024-05-17,project,0.113916003868497,0.027633314743821108,910,0.09093121215648688,0.021731153265390716,910,-0.2660638240888011,0.024190093599827885,910,0.14371643048049587,0.034862189880804736,910
2024-06-09,project,0.14170186619734693,0.04672112524553162,910,0.10454477511370765,0.033076042206010944,910,-0.3086049885600615,0.039496822901402454,910,0.17877107439457304,0.05894337160976175,910
2024-06-11,project,0.12847327196497185,0.041833774873371546,910,0.10189157321574328,0.03268435701039868,910,-0.2778403219890561,0.03460478956753913,910,0.1620818799110084,0.052777490380245914,910
2024-06-16,project,0.13296057730303162,0.04299645330300072,910,0.10393046826895869,0.03323422513096339,910,-0.28538417814686995,0.0350624520571852,910,0.16774306432550465,0.05424432548706557,910
2024-06-21,project,0.14787229723208709,0.047094943377578705,910,0.110097237224569,0.03360960846148083,910,-0.3129808298020451,0.04226802190360895,910,0.18655569018800117,0.059414980565153055,910
2024-06-29,project,0.12435621869677264,0.045725290788304694,910,0.09186366356195469,0.03367249130596516,910,-0.2834519555004703,0.03716259939776603,910,0.15688780550784853,0.05768702685852478,910
2024-07-16,project,0.13496189022677565,0.04706955840109242,910,0.09816463877631261,0.030278599237302778,910,-0.2875150206524876,0.04206584758560585,910,0.17026792071010005,0.05938295487881839,910
2024-08-05,project,0.31838319992400516,0.08033852801576274,910,0.24351398024920085,0.0596094205370882,910,-0.3904547599951444,0.05387355829566036,910,0.4016722450241245,0.10135508694469043,910
2024-08-13,project,0.421754635952598,0.08479479516980677,910,0.3299157034623693,0.06402732852775872,910,-0.4494229711023108,0.055704527327758345,910,0.5320856487177975,0.10697711358622321,910
2024-08-15,project,0.570208616143351,0.11803906899580147,15,0.4259465870220392,0.09332920879926901,15,-0.549222304352239,0.08541262051643259,15,0.7193751901264518,0.14891808944510304,15
2024-08-23,project,0.500853721834663,0.09457677794545583,910,0.32920178380026116,0.05842514254310229,910,-0.5046477235652782,0.061341133239942905,910,0.6318770554666103,0.11931806305599284,910
2024-08-28,project,0.450452621263762,0.09199224856029037,910,0.3015779030448308,0.059020126529859496,910,-0.48295725550099705,0.06067354769670851,910,0.5682910269863628,0.11605742078366456,910
2024-08-30,project,0.4423754286843086,0.09573022516569678,910,0.3142354440510678,0.0668173962548291,910,-0.4770736634054511,0.06221915693628261,910,0.5581008408281243,0.12077325206903804,910
2024-09-02,project,0.4360035784711111,0.09540490404188538,910,0.2974049440902185,0.06408612917352799,910,-0.4802396693995122,0.060371998697960685,910,0.5500621145991529,0.12036282693924778,910
2024-09-07,project,0.39406697590672074,0.09488361981710916,910,0.255129911391507,0.06046264327022327,910,-0.4597363708307081,0.06044177341861585,910,0.497154896803918,0.11970517476126737,910
2024-09-14,project,0.3981803052175838,0.10040685943808506,910,0.23983608932019715,0.0650267055019705,910,-0.46464922669539094,0.06326711227502742,910,0.5023442730625033,0.1266732938670886,910
2024-09-22,project,0.3265465698588694,0.08794776417106777,910,0.19452296968455174,0.05521543359204343,910,-0.4129764244663138,0.057747317969462725,910,0.41197115253395006,0.11095489927821799,910
2024-09-27,project,0.2668511604788077,0.07801217508260477,910,0.16229664957217702,0.04888891268170287,910,-0.3536204704206118,0.051944419842477677,910,0.3366594240600634,0.09842016008421546,910
2024-10-02,project,0.28415866714883353,0.08005403274969349,910,0.1617703292045827,0.04604930767015599,910,-0.3817226036983377,0.05615400731441354,910,0.35849457447496863,0.1009961677170116,910
2024-10-07,project,0.24995808047019144,0.07297374862599972,910,0.14954407808910275,0.04187916414824955,910,-0.36150875988050235,0.05174836296362272,910,0.31534711432119367,0.09206368126655887,910
2024-10-12,project,0.2132104183796813,0.058804960718662584,910,0.1353736065268119,0.035702247218822265,910,-0.3323235464542075,0.04255120862417412,910,0.26898626382780594,0.07418833844266573,910
2024-10-22,project,0.19443249225226472,0.04474637538972727,910,0.11419855485154819,0.025930902694351075,910,-0.3427333222741692,0.03944191227471504,910,0.24529603222545737,0.05645202719167844,910
2024-10-24,project,0.16955391338966944,0.039626474753429584,910,0.10347642508031554,0.02324025187877861,910,-0.3133517323160666,0.03639682483592438,910,0.21390921713240676,0.04999276054892763,910
2024-10-27,project,0.15503049713792022,0.03308207121192322,910,0.09735406124448451,0.020038920769851202,910,-0.30077617702092596,0.030626089594058145,910,0.19558647518920022,0.04173634104096158,910
2024-10-29,project,0.16132353049979323,0.03215643911637372,910,0.10481664405395943,0.020125390833828853,910,-0.3035307678696573,0.03163254624396923,910,0.20352576607853892,0.040568563589216664,910
2024-11-03,project,0.16081702964626146,0.028230692884523644,910,0.10153916233736288,0.016724506061537397,910,-0.31374210056140983,0.030698411717574526,910,0.2028867646017237,0.035615842143114605,910
2024-11-06,project,0.14617071376956342,0.026243735754733273,910,0.09227512771859865,0.01531127491610321,910,-0.30045904098278453,0.02955546714576091,910,0.18440897249168114,0.03310909702817033,910
2024-11-08,project,0.13442958136112115,0.02322732704929027,910,0.09144561591251386,0.015178725542348828,910,-0.27144388861440905,0.026969087348766813,910,0.16959635984519067,0.029303595805384768,910
2024-11-11,project,0.14808736359075583,0.02356903418969965,910,0.09624996198988216,0.014163450948414487,910,-0.30431944127557414,0.028187859762945855,910,0.1868270179060974,0.02973469353372552,910
2024-11-18,project,0.14633341246931428,0.022137257663452963,910,0.0972735779521348,0.013845594414553193,910,-0.29897141340151495,0.02759705410457238,910,0.184614233171287,0.027928364268211554,910
2024-11-21,project,0.13615825532184167,0.022779297074590126,910,0.08896976894930551,0.013877445258589853,910,-0.29234343264516105,0.02758581763670421,910,0.1717772549140357,0.028738361189301148,910
2024-11-23,project,0.1420916201989277,0.024108121265086012,910,0.09102138576485386,0.014639582641133957,910,-0.3051059940551155,0.03131155747965439,910,0.17926278804296766,0.030414805788028975,910
2024-12-03,project,0.13971178692346453,0.021570942226278075,910,0.09361036305913828,0.014330618665983985,910,-0.29257101604028296,0.02856646986264393,910,0.17626039038264274,0.027213900712673898,910
2024-12-13,project,0.0923752434372699,0.01783674288908421,628,0.09415246893229447,0.013572213004399212,628,-0.18647612999965602,0.030765036869197408,628,0.11654060712045965,0.022502834828868282,628
2024-12-13,project,0.09327437549376928,0.016743490598301842,606,0.09745674766665034,0.013189040403129544,606,-0.18633628608436956,0.030529286650138522,606,0.11767495212293948,0.021123587738816323,606
2024-12-16,project,0.13136539516416398,0.021132688501552654,910,0.08775713256397855,0.013592206091087182,910,-0.28176950551545554,0.027378183705558355,910,0.1657305825391093,0.026660999813558763,910
2024-12-16,project,0.1352580384125777,0.021454289107648728,910,0.09282939935356704,0.014505946137152101,910,-0.281119527568976,0.02735845914362718,910,0.17064154126130798,0.02706673113820882,910
2024-12-21,project,0.10244550294907329,0.02334974596505255,907,0.09594839351694529,0.01704344034808979,907,-0.2091184394469226,0.036078557540618963,907,0.12924524652055114,0.029458039509508833,907
2024-12-26,project,0.13298942935435845,0.02163433608924131,910,0.0882595340154903,0.013654641725781598,910,-0.28374750868211135,0.02711314271859307,910,0.1677794640734587,0.02729387841018691,910
2024-12-28,project,0.1405788499155084,0.0208745230176447,910,0.09576928546956878,0.013571368724718558,910,-0.2950071845669756,0.028028430676722935,910,0.17735427705340484,0.02633529823906543,910
2024-12-31,project,0.13195773188719404,0.019823716681252386,891,0.09063463478345489,0.01280452076309423,891,-0.2783310937956747,0.025397333697749866,891,0.16647787454888407,0.025009600965069566,891
2025-01-05,project,0.13564151249236395,0.021748844003084803,910,0.08921452276400994,0.013499838356230271,910,-0.296258780378109,0.02814920975452346,910,0.17112533216036604,0.027438341594293102,910
2025-01-15,project,0.12694756370016383,0.020003741205055447,910,0.08480098340025403,0.012545596730326758,910,-0.2805476722947722,0.025705492718386593,910,0.16015704636412656,0.025236719904297947,910
2025-01-20,project,0.1272008147492705,0.022557070555602857,708,0.08333178456816158,0.014239026684526817,708,-0.2808869381888566,0.028125595653496673,708,0.16047654788767943,0.028458000212949534,708
2025-01-22,project,0.12597431764216743,0.020180555315718253,910,0.08564526022072402,0.013043132441142481,910,-0.27916970627279114,0.026682107630890115,910,0.1589291991373582,0.02545978858631277,910
2025-02-01,project,0.08029059863105342,0.019673981344816745,36,0.09841391640441127,0.013669897082876227,36,-0.1698159942270963,0.038089407109324847,36,0.10129461923293698,0.02482069486462085,36
2025-03-08,project,0.13154826864793165,0.017188312986132753,910,0.09279555079726463,0.011268012824931298,910,-0.28670978975122346,0.023318738759242487,910,0.16596129572623075,0.021684775663305567,910
2025-03-11,project,0.27864084654646254,0.054319337169628425,145,0.13130252379162444,0.02049357917275316,145,-0.7626500433991794,0.13601049556670275,144,0.3515332920030173,0.06852927577320145,145
2025-03-13,project,0.12269855408264986,0.016057619164204298,910,0.0865341102757829,0.010643643532370654,910,-0.27528299749371504,0.02255262093173332,910,0.15479649583067087,0.020258292337560508,910
2025-03-18,project,0.12626545515811213,0.016254860947440927,910,0.09085150136995596,0.01072817026120782,910,-0.27648089730831954,0.022589385788116333,910,0.15929649822747405,0.02050713257129239,910
2025-03-21,project,0.15446523969423606,0.025678329618393746,910,0.09148462962546017,0.01196031262884473,910,-0.37624739230597914,0.04327945870943121,910,0.1948733463982483,0.03239578064656538,910
2025-03-31,project,0.1276873725853947,0.015542741708672942,910,0.0880553475697964,0.010294046398941322,910,-0.2858939598997191,0.02625779004523603,910,0.1610903892537341,0.019608722939658874,910
2025-04-02,project,0.12716185280908593,0.01621730179074395,910,0.08652948282581059,0.010470826226010088,910,-0.28648230630899973,0.02247845481286689,910,0.160427393503943,0.020459747939204173,910
2025-04-05,project,0.14742659799602834,0.01941187601797687,910,0.09169358071137482,0.01061375906412123,910,-0.33504223344704287,0.028927375442043646,910,0.18599339603178935,0.02449002278427937,910
2025-04-14,project,0.11019966640446628,0.029588384819637763,910,0.07934866933874778,0.020896653992160504,910,-0.2513136891392813,0.05504462852689781,910,0.13902789913587463,0.037328706288455075,910
2025-04-25,project,0.13401869702677713,0.014969311490803489,910,0.09343880604242287,0.010193762509415338,910,-0.28377152606407813,0.01955317687250192,910,0.1690779881689821,0.01888528337679921,910
2025-04-27,project,0.14049742438090035,0.016568445499631324,910,0.10184575082559559,0.01163313123559949,910,-0.2895396213153125,0.021151028313873124,910,0.17725155059894346,0.020902750842336188,910
2025-04-27,project,0.13913279191212446,0.016938734279585286,910,0.09472200360392799,0.01107863436493738,910,-0.298868437707672,0.0219725315101222,910,0.1755299302763365,0.02136990716712357,910
2025-04-30,project,0.16972334635477415,0.023034246628975314,910,0.11236552980810806,0.014171347035354142,910,-0.34764046471583604,0.0301422972590554,910,0.21412297376118317,0.029060005547116997,910
2025-05-15,project,0.19733759663115658,0.04326533804147715,910,0.12778931184816214,0.02496111279960665,910,-0.3510251698318989,0.04127072589132614,910,0.24896111190986733,0.054583550473127684,910
2025-05-24,project,0.22817474491175582,0.06096690631749068,910,0.15633559924465423,0.038497898401512375,910,-0.3724815290210502,0.05395835131088179,910,0.28786525818067105,0.07691584901014717,910
2025-06-04,project,0.2563684043386409,0.07329343634400177,910,0.1668829844381998,0.04348217113117953,910,-0.3924391927886033,0.06329970914472668,910,0.3234343789136294,0.09246699929159123,910
2025-06-09,project,0.24928443299808162,0.061752407019439126,910,0.18279449119517302,0.04463526140939743,910,-0.3615861303972738,0.04802029925067482,910,0.31449724067038015,0.07790683669572265,910
2025-06-16,project,0.24604338225331768,0.06441879916585042,910,0.18050840926237935,0.0474204991244071,910,-0.3522509012735755,0.05011291439362097,910,0.31040833105078536,0.0812707570276385,910
2025-06-19,project,0.25062076081395834,0.06824745627644743,910,0.1745466654994216,0.045828122954988185,910,-0.36637805248097854,0.05361734460659946,910,0.31618315184289,0.08610099083836537,910
2025-06-21,project,0.22399219152400135,0.06038085754399659,910,0.16503312410473228,0.044230069271445,910,-0.33159219030618803,0.047171528305877834,910,0.2825885488266798,0.0761764898775071,910
2025-07-01,project,0.2218972852194279,0.06522608997014334,910,0.1586374857720113,0.04653914994924591,910,-0.3275705711896227,0.050494191270752935,910,0.2799456150328304,0.08228923510633186,910
2025-07-16,project,0.29293166042595103,0.08503448654138954,910,0.2060112301138804,0.06064104036203311,910,-0.3677424801590141,0.06254816891853689,910,0.3695625827933795,0.10727950822061852,910
2025-07-16,project,0.29183537972503454,0.08676501369688946,910,0.1896684584381997,0.05623356153408462,910,-0.3742000888791108,0.06315247973279393,910,0.36817951506110347,0.10946274127999461,910
2025-07-21,project,0.3470144458068216,0.10196490891578915,910,0.2323423272682332,0.06782839559291559,910,-0.41478000806479837,0.07655129405480142,910,0.4377934248298859,0.12863892908815852,910
2025-07-26,project,0.33803323284206754,0.0932032107674993,910,0.23942641790667238,0.06887929788934524,910,-0.39568463369646034,0.06849361078256741,910,0.426462726553552,0.11758517070427894,910
2025-07-29,project,0.39567205407499184,0.11129434604329215,910,0.25382673943668344,0.07437256033188902,910,-0.46472240612140914,0.08221445760875128,910,0.4991798634210097,0.14040894696821643,910
2025-08-05,project,0.35307673282992674,0.1087836492698798,910,0.23349668525209738,0.07665409049174575,910,-0.4184926854627944,0.0781863312667624,910,0.44544160613823486,0.13724145191888162,910
2025-08-05,project,0.3634281948248588,0.11214168098982479,910,0.22210170081149025,0.07196675938172191,910,-0.4356848941284358,0.08097552284868546,910,0.45850101059104154,0.14147794473676464,910
2025-08-08,project,0.26566336180657757,0.10763922254428324,460,0.260841252244411,0.13943217622455023,460,-0.31136619769158597,0.10287123832712286,460,0.3351608972551781,0.13579764316186682,460
2025-08-13,project,0.3314287610327654,0.10207042010497863,910,0.21122902721410003,0.06873942889149794,910,-0.4179818449993842,0.07454335618362797,910,0.4181305249189361,0.1287720420044433,910
2025-08-15,project,0.3799718632258335,0.13874636969580306,910,0.23018561359378528,0.08751894525340098,910,-0.4937714965685114,0.10624241582835163,910,0.47937250264571174,0.17504242000822387,910
2025-08-18,project,0.31536949518863894,0.09975583299494027,910,0.19689823469530895,0.06628640134006321,910,-0.4082350733225514,0.06907043235754028,910,0.3978701551299867,0.1258519589064157,910
2025-08-23,project,0.3079452790890536,0.09999433137100525,910,0.19038093550650922,0.06360542605496372,910,-0.4084088765883197,0.07210277549489828,910,0.3885037640987501,0.12615284845766164,910
2025-08-25,project,0.28628625350011505,0.09017720083016088,910,0.19074336669236533,0.06331427336676841,910,-0.3778955846725375,0.06352292554862693,910,0.361178737415745,0.11376755656733421,910
2025-08-25,project,0.2868020970238079,0.09107663305529427,910,0.17871834123528793,0.05876918491347702,910,-0.38538522805226577,0.06408489356912991,910,0.3618295256052355,0.11490228026256137,910
2025-08-28,project,0.2821846125906916,0.09778574976007037,910,0.11785916269296595,0.04916946444641387,910,-0.3694461202085214,0.06793884378755698,910,0.35600410724441633,0.12336650189730561,910
2025-08-30,project,0.29495962174822715,0.10198483637378401,910,0.17568152072172716,0.060042620558952604,910,-0.4184631161892827,0.0742111086827003,910,0.37212105879756324,0.1286640695691674,910
2025-09-01,project,0.2545265686858742,0.0801817814678178,910,0.16309941327920247,0.05184117808471772,910,-0.36561820114531735,0.056587769214279264,910,0.3211107190541001,0.10115733549979744,910
2025-09-07,project,0.2638788059121304,0.07826161534604531,910,0.1612083710556139,0.047821320399984546,910,-0.3976025806835878,0.055765273508363813,910,0.3329095015387436,0.0987348539205701,910
2025-09-12,project,0.2472543826643953,0.07610375216390056,910,0.1421149333337408,0.04281957086036068,910,-0.4036567720179458,0.05647875882721966,910,0.31193612916940094,0.09601249372997989,910
2025-09-14,project,0.2227161366764435,0.06496281753565206,910,0.14159915547429527,0.04224922663894368,910,-0.3659769705460529,0.04713353236712012,910,0.28097867803100096,0.08195709060297933,910
2025-09-14,project,0.22544417916017287,0.06655548611987586,910,0.13467506933989729,0.0399293471042331,910,-0.37804086604918125,0.04849844261762867,910,0.28442037642847395,0.0839664012888375,910
2025-09-17,project,0.21251897464758968,0.056748266749252006,910,0.13414151520854298,0.03693211002779012,910,-0.3538969751866272,0.04047769504187753,910,0.2681139384153994,0.07159361333085579,910
2025-09-19,project,0.1959043717286518,0.04918473943030737,910,0.13008956498506094,0.03375863788734268,910,-0.3343916765944538,0.0356915492242561,910,0.24715295537286655,0.06205146726527806,910
2025-09-22,project,0.2025386959429676,0.05426844943631059,910,0.1318369387556753,0.03641851336138467,910,-0.3521400640367662,0.041181723272990044,910,0.2555228188016479,0.06846507580885149,910
2025-09-24,project,0.19627621723070607,0.04804341455227263,910,0.12420317603697548,0.03107193958149052,910,-0.3515059697522699,0.038333691770422,910,0.24762207565825864,0.06061157179914958,910
2025-09-27,project,0.19452412103180566,0.049820590152173175,910,0.1138789235171521,0.029135980990015842,910,-0.3772146451898706,0.042247209760952864,910,0.24541163109372607,0.06285365653598064,910
2025-10-04,project,0.17715586971214936,0.03549467540239466,910,0.10832303347797079,0.021260151767735633,910,-0.3490587072776836,0.03257480328616246,910,0.22349984522884747,0.044780082487660564,910
2025-10-07,project,0.18488762713123158,0.034967324048651445,910,0.11425055213561515,0.021090154963953785,910,-0.36275880649097936,0.03298726862403299,910,0.23325423038876103,0.04411477601978107,910
2025-10-11,project,0.18129937323394837,0.03513195412997186,910,0.1104723544010512,0.020601596874122448,910,-0.365829312108563,0.036215313836539885,910,0.22872728927194924,0.044322473330371,910
2025-10-12,project,0.17829470873006287,0.03380941129498497,910,0.10662315529883398,0.019119493858304113,910,-0.36919058176242775,0.03676102016551708,910,0.22493660453384745,0.04265395328975192,910
2025-10-19,project,0.18197289686432747,0.027694463570443258,623,0.11094737816557478,0.01681112187871104,623,-0.3522943868943095,0.031239997435012955,623,0.22957700668403544,0.034939335240470486,623
2025-10-24,project,0.13917423150963948,0.011863728183284206,713,0.10175082014527385,0.00836658859407437,713,-0.2872272531847234,0.018614341570005175,713,0.17558221047256112,0.014967279476034266,713
2025-10-24,project,0.16398859415529626,0.024627290327542475,910,0.1008533122094749,0.013524345863506797,910,-0.3419997431491038,0.02873240683822873,910,0.20688801038632176,0.031069789477230266,910
2025-10-27,project,0.16743311058718824,0.024822385591244882,910,0.10148792449710836,0.014352908586793413,910,-0.35443501283044715,0.03102959673884958,910,0.21123361231679696,0.031315921661912126,910
2025-10-29,project,0.1607802352454086,0.025116790137891032,910,0.09750124376897389,0.01458513823912557,910,-0.3473100664111065,0.03196938519585329,910,0.20284034478560747,0.03168734243796427,910
2025-11-01,project,0.15915140122452798,0.024483188275731135,910,0.09723812175815845,0.01425242988552075,910,-0.3390601249445922,0.03021983090441838,910,0.20078540778486445,0.03088799032866408,910
2025-11-03,project,0.16914837195273807,0.025860520533923338,910,0.10413896617475958,0.014849399133840318,910,-0.3630083349038514,0.03352713681642791,910,0.21339758605557457,0.03262563270559442,910
2025-11-08,project,0.2068104738944101,0.03644901003352463,910,0.10995062631924693,0.017359307351546706,910,-0.4654228262426327,0.057089421326410594,910,0.2609120938651882,0.04598407105829629,910
2025-11-11,project,0.16455953953960073,0.023906279780796718,910,0.10242730994456553,0.014342181488996056,910,-0.3462049931054741,0.030193923052279897,910,0.20760831508316013,0.03016016257145559,910
2025-11-13,project,0.17987878944480898,0.025986337176084815,752,0.11161612455238447,0.014684413094257746,752,-0.37432059810854196,0.03483431278052452,752,0.22693508076357094,0.032784362981348146,752
2025-11-13,project,0.18037784667652043,0.02456284626914818,711,0.10573226952687977,0.013441742982288665,711,-0.38591413837895994,0.03245882675093145,711,0.22756469136709795,0.030988486853162106,711
2025-11-18,project,0.14449778529644824,0.022323477287469445,910,0.09247312371980934,0.013629360835018797,910,-0.3171040358771739,0.02794428565218505,910,0.1822984059299991,0.0281632989458711,910
2025-11-20,project,0.154259058153681,0.024012347341912006,910,0.09683867408979363,0.01454152652746618,910,-0.33394030934155045,0.030232588642767698,910,0.194613227766684,0.030293977406554474,910
2025-11-21,project,0.15722133460237875,0.02312633377431607,910,0.09920719789890887,0.01370247677323011,910,-0.3346915516888696,0.030165990619941553,910,0.19835043573436123,0.029176182689675766,910
2025-12-10,project,0.10657010308126005,0.02626204091253965,197,0.10106210967593808,0.014105981223551037,197,-0.23066207333291355,0.05827913139695175,197,0.13444884204731763,0.03313219081526043,197
2025-12-13,project,0.0985201861624352,0.017599319771016374,36,0.11419455986098491,0.009849742159670546,36,-0.19484645765400566,0.03232517885451588,36,0.12429306686252824,0.022203301823114363,36
2025-12-16,project,0.10309729066507237,0.02109477459924405,898,0.10127823746847404,0.017157386030179612,898,-0.21396658893619125,0.0397586897595679,898,0.1300675419030552,0.026613167634407374,898
2025-12-21,project,0.14381918467085344,0.018654870438145968,840,0.10511338716281772,0.014223083961063471,840,-0.2958656686225891,0.030521420984284446,840,0.18144228338074894,0.023534984544765193,840
2025-12-28,project,0.15807422873255708,0.01644132631352128,391,0.10095975383709448,0.011019448779458135,391,-0.3405373542809624,0.023963714402591457,391,0.19942644696899395,0.02074237727713737,391
2026-01-05,project,0.1642652900475068,0.021736353451498124,910,0.1048438710029602,0.014007583013120608,910,-0.3497526108321711,0.02924344189567307,910,0.20723708992393447,0.027422583514409807,910
2026-02-01,project,0.13701332468030855,0.011169866117728267,16,0.11948701058940837,0.025278521408696047,16,-0.2856301438354393,0.028526244368027164,16,0.17285601041667728,0.014091903094126182,16
2026-03-01,project,0.1400853213001773,0.018092720196760753,910,0.09260137959731844,0.010346418911608927,910,-0.31918224767380243,0.02494039600230797,910,0.1767316413523033,0.02282577580023742,910
2026-03-30,project,0.13437979932564084,0.017119044181275547,910,0.09151277845664163,0.010944952021655104,910,-0.30562402031909325,0.02100957394092462,910,0.16953355482922866,0.021597386139094493,910
2026-03-31,project,0.15539810657939326,0.02519201803066003,910,0.09250106299407163,0.012763649292806553,910,-0.3730142589846116,0.04049881158408153,910,0.19605025126056239,0.03178224994748232,910
2026-04-07,project,0.1296343174424938,0.01812338762029079,910,0.08641907260449498,0.010956420308592821,910,-0.3093705805033126,0.023911686298066583,910,0.16354665488545025,0.02286446582175898,910
2026-04-10,project,0.15115916481478098,0.02307215713071245,910,0.09224976446290918,0.012243326505145861,910,-0.3623756478319858,0.03440463939536057,910,0.19070240233032756,0.029107833436109527,910
2026-04-12,project,0.12910846785550026,0.016485862444218614,910,0.09219099713912644,0.01042745194467454,910,-0.2983672318940857,0.02217490123101984,910,0.16288324304649893,0.02079856405962641,910
2026-04-12,project,0.12752318634613471,0.01741159948288219,910,0.08545860878406085,0.010444488627286497,910,-0.30902789115681756,0.023643153107330398,910,0.16088325189428335,0.02196647390760606,910
2026-04-17,project,0.12558911658351413,0.018551266435395234,910,0.08518609176931428,0.010977321573811084,910,-0.31204756494776764,0.027284499741351036,910,0.1584432294817616,0.023404277734891715,910
2026-04-20,project,0.13515664450247292,0.01872235523322359,910,0.09207990556574737,0.010742368204355573,910,-0.3240296072355313,0.028720429363286254,910,0.17051362270432002,0.023620123362234555,910
2026-04-30,project,0.15020500293067943,0.024678707987015363,910,0.09226873384673433,0.012427566511520221,910,-0.37083879146970633,0.04034554474256979,910,0.18949863169734527,0.03113465799641831,910
2026-05-02,project,0.12754873919339238,0.018385509357659813,910,0.09324637056811191,0.012512507540923212,910,-0.29763649404682463,0.02349404026820538,910,0.1609154893663835,0.02319515860562532,910
2026-05-02,project,0.1278580093826172,0.018879713904110793,910,0.08664454001466367,0.011382295833228607,910,-0.3115512461846561,0.02557406998579813,910,0.16130566463710988,0.0238186470614266,910
2026-05-05,project,0.14078289001511277,0.02658688161604354,910,0.08817540578054837,0.01363083255767322,910,-0.3639103896846985,0.04228719065080083,910,0.17761169404306634,0.03354200984680033,910
2026-05-07,project,0.13026513829103195,0.018937299699017127,910,0.09329595605743954,0.012195942136994271,910,-0.30211173173200506,0.02419498199330542,910,0.16434249846796592,0.023891297300280615,910
2026-05-12,project,0.14746322990981914,0.041608625954722714,910,0.09344218989729663,0.021300226517514675,910,-0.3719941643974948,0.05716540906608144,910,0.18603961085422793,0.05249344250447836,910
2026-05-22,project,0.17827578506488267,0.07538261772736184,910,0.10814044767738692,0.03977016084671271,910,-0.41057808569118565,0.10001274589093431,910,0.2249127304378563,0.09510271052483958,910
2026-05-22,project,0.17128173969489022,0.07999070780948771,910,0.10132871116799047,0.044012253602240974,910,-0.40985203571332307,0.11017395441520797,910,0.21608904279907398,0.10091627697244965,910
2026-05-25,project,0.1377100899285924,0.035496411636805336,910,0.09997063897189035,0.023715821305125832,910,-0.2897944773036996,0.030655731565630857,910,0.17373504945391188,0.04478227292099278,910
2026-05-29,project,0.17324761226568558,0.059146996405365235,910,0.12152349859693264,0.03577121591278518,910,-0.33436126597766525,0.052570971466614574,910,0.21856918763438907,0.07461985066500865,910
2026-06-11,project,0.2207158678155937,0.06823564844162414,910,0.16901739348696806,0.050646430522095484,910,-0.34358900138019205,0.051291713195234075,910,0.27845513883615336,0.08608609407394921,910
2026-06-11,project,0.21906843906515155,0.06833263229067267,910,0.16064765849822393,0.04680610485626541,910,-0.3466116353434062,0.05172449084894327,910,0.2763767427245955,0.08620844889791048,910
2026-06-26,project,0.2065517295747767,0.07534137533201188,910,0.15501960119123184,0.0552539736332823,910,-0.32903340334427583,0.05712425973295822,910,0.26058566203153843,0.09505067911886592,910
2026-07-01,project,0.21470268912059956,0.09183693844320175,910,0.1468009299575827,0.06134347005290923,910,-0.35038545933549703,0.0660579478487494,910,0.2708689125945486,0.1158614815399443,910
2026-07-04,project,0.21747511684161835,0.09747532885294079,910,0.1512431065890084,0.06428882354405381,910,-0.35621210248271135,0.07133416827833958,910,0.2743666074073859,0.12297487488086943,910
2026-07-14,project,0.21374518400567843,0.10417040302841143,910,0.14540855634844688,0.06626314639012541,910,-0.3632261696320146,0.07638932642260043,910,0.269660924141564,0.131421380460643,910
2026-07-18,project,0.19937511114353496,0.09404297250858552,910,0.1413054903683775,0.06549952703798813,910,-0.3345370268837347,0.06562672625574345,910,0.2515316402186838,0.11864461411683218,910
2026-07-21,project,0.19475566078412312,0.08851227278904339,910,0.14454397221519538,0.06456848151982716,910,-0.32172506875876095,0.06288255914307203,910,0.24570374164525,0.11166708335065731,910
2026-07-24,project,0.18807687053070815,0.08998786381939629,910,0.13129202783122892,0.06140598629018731,910,-0.32268958459397823,0.0630525286362724,910,0.2372777798615418,0.11352868899455035,910
2026-07-26,project,0.18119318806303833,0.089427065565128,910,0.13162847549515208,0.06432204386658945,910,-0.31216105362787583,0.06342340041822449,910,0.2285933260603289,0.11282118591696624,910
2026-07-29,project,0.1250440166183743,0.022407366046570183,436,0.10341492101911294,0.019360030516325035,436,-0.2514540662323808,0.020699452377426014,436,0.157755531365741,0.028269133004353658,436
2026-07-31,project,0.17551850918099127,0.09171679504840995,910,0.1293240164744744,0.06692165716218815,910,-0.3047228636580733,0.06599728701287211,910,0.221434151182739,0.11570990863307298,910
2026-07-31,project,0.17620942580051338,0.09495161829278083,910,0.12066577782927614,0.06260667882947062,910,-0.31688539688081546,0.06847038700724811,910,0.2223058115899274,0.11979096163817204,910
2026-08-03,project,0.20330526124935866,0.11567259427597595,910,0.1386953228003264,0.07454752730111601,910,-0.35952206428551015,0.0872710205785939,910,0.25648991759219086,0.14593254493857158,910
